Method,Job,AnalyzeLaunchVariance,EvaluateOverhead,MaxAbsoluteError,MaxRelativeError,MinInvokeCount,MinIterationTime,OutlierMode,Affinity,EnvironmentVariables,Jit,LargeAddressAware,Platform,PowerPlanMode,Runtime,AllowVeryLargeObjects,Concurrent,CpuGroups,Force,HeapAffinitizeMask,HeapCount,NoAffinitize,RetainVm,Server,Arguments,BuildConfiguration,Clock,EngineFactory,NuGetReferences,Toolchain,IsMutator,InvocationCount,IterationCount,IterationTime,LaunchCount,MaxIterationCount,MaxWarmupIterationCount,MemoryRandomization,MinIterationCount,MinWarmupIterationCount,RunStrategy,UnrollFactor,WarmupCount,ShardCount,ItemsPerShard,Mean,Error,StdDev,Median,Ratio,RatioSD,Rank,Gen0,Gen1,Allocated,Alloc Ratio
'MergeAndOrder with ascending ordering',MediumRun,False,Default,Default,Default,Default,Default,Default,1111,Empty,RyuJit,Default,X64,8c5e7fda-e8bf-4a96-9a85-a6e23a8c635c,.NET 10.0,False,True,False,True,Default,Default,False,False,False,Default,Default,Default,Default,Default,Default,Default,Default,15,Default,2,Default,Default,Default,Default,Default,Default,16,10,3,10,"116,706.9 ns",721.03 ns,"1,010.79 ns","116,668.8 ns",1.000,0.01,2,0.3662,0.2441,6542 B,1.00
'MergeAndOrder without ordering',MediumRun,False,Default,Default,Default,Default,Default,Default,1111,Empty,RyuJit,Default,X64,8c5e7fda-e8bf-4a96-9a85-a6e23a8c635c,.NET 10.0,False,True,False,True,Default,Default,False,False,False,Default,Default,Default,Default,Default,Default,Default,Default,15,Default,2,Default,Default,Default,Default,Default,Default,16,10,3,10,316.9 ns,2.48 ns,3.63 ns,316.1 ns,0.003,0.00,1,0.0224,0.0000,376 B,0.06
"'MergeOrderAndPaginate overfetch (page 1, size 20)'",MediumRun,False,Default,Default,Default,Default,Default,Default,1111,Empty,RyuJit,Default,X64,8c5e7fda-e8bf-4a96-9a85-a6e23a8c635c,.NET 10.0,False,True,False,True,Default,Default,False,False,False,Default,Default,Default,Default,Default,Default,Default,Default,15,Default,2,Default,Default,Default,Default,Default,Default,16,10,3,10,"119,365.7 ns",771.25 ns,"1,154.37 ns","119,168.7 ns",1.023,0.01,2,0.3662,0.2441,6853 B,1.05
"'MergeOrderAndPaginate large page (page 2, size 100)'",MediumRun,False,Default,Default,Default,Default,Default,Default,1111,Empty,RyuJit,Default,X64,8c5e7fda-e8bf-4a96-9a85-a6e23a8c635c,.NET 10.0,False,True,False,True,Default,Default,False,False,False,Default,Default,Default,Default,Default,Default,Default,Default,15,Default,2,Default,Default,Default,Default,Default,Default,16,10,3,10,"116,510.6 ns",738.87 ns,"1,083.03 ns","116,122.2 ns",0.998,0.01,2,0.3662,0.2441,6542 B,1.00
'MergeAndOrder with descending ordering',MediumRun,False,Default,Default,Default,Default,Default,Default,1111,Empty,RyuJit,Default,X64,8c5e7fda-e8bf-4a96-9a85-a6e23a8c635c,.NET 10.0,False,True,False,True,Default,Default,False,False,False,Default,Default,Default,Default,Default,Default,Default,Default,15,Default,2,Default,Default,Default,Default,Default,Default,16,10,3,10,"118,296.1 ns",624.53 ns,915.42 ns,"118,358.3 ns",1.014,0.01,2,0.3662,0.2441,6542 B,1.00
'MergeAndOrder with ascending ordering',MediumRun,False,Default,Default,Default,Default,Default,Default,1111,Empty,RyuJit,Default,X64,8c5e7fda-e8bf-4a96-9a85-a6e23a8c635c,.NET 10.0,False,True,False,True,Default,Default,False,False,False,Default,Default,Default,Default,Default,Default,Default,Default,15,Default,2,Default,Default,Default,Default,Default,Default,16,10,3,100,"155,656.0 ns",843.72 ns,"1,210.04 ns","155,445.9 ns",1.000,0.01,2,1.2207,0.9766,22742 B,1.00
'MergeAndOrder without ordering',MediumRun,False,Default,Default,Default,Default,Default,Default,1111,Empty,RyuJit,Default,X64,8c5e7fda-e8bf-4a96-9a85-a6e23a8c635c,.NET 10.0,False,True,False,True,Default,Default,False,False,False,Default,Default,Default,Default,Default,Default,Default,Default,15,Default,2,Default,Default,Default,Default,Default,Default,16,10,3,100,441.8 ns,3.98 ns,5.71 ns,439.8 ns,0.003,0.00,1,0.1512,0.0010,2536 B,0.11
"'MergeOrderAndPaginate overfetch (page 1, size 20)'",MediumRun,False,Default,Default,Default,Default,Default,Default,1111,Empty,RyuJit,Default,X64,8c5e7fda-e8bf-4a96-9a85-a6e23a8c635c,.NET 10.0,False,True,False,True,Default,Default,False,False,False,Default,Default,Default,Default,Default,Default,Default,Default,15,Default,2,Default,Default,Default,Default,Default,Default,16,10,3,100,"156,378.5 ns","2,316.01 ns","3,466.49 ns","154,466.2 ns",1.005,0.02,2,1.2207,0.9766,23053 B,1.01
"'MergeOrderAndPaginate large page (page 2, size 100)'",MediumRun,False,Default,Default,Default,Default,Default,Default,1111,Empty,RyuJit,Default,X64,8c5e7fda-e8bf-4a96-9a85-a6e23a8c635c,.NET 10.0,False,True,False,True,Default,Default,False,False,False,Default,Default,Default,Default,Default,Default,Default,Default,15,Default,2,Default,Default,Default,Default,Default,Default,16,10,3,100,"154,061.4 ns",426.81 ns,612.12 ns,"154,074.4 ns",0.990,0.01,2,1.2207,0.9766,23693 B,1.04
'MergeAndOrder with descending ordering',MediumRun,False,Default,Default,Default,Default,Default,Default,1111,Empty,RyuJit,Default,X64,8c5e7fda-e8bf-4a96-9a85-a6e23a8c635c,.NET 10.0,False,True,False,True,Default,Default,False,False,False,Default,Default,Default,Default,Default,Default,Default,Default,15,Default,2,Default,Default,Default,Default,Default,Default,16,10,3,100,"166,805.7 ns",400.59 ns,561.57 ns,"166,777.7 ns",1.072,0.01,3,1.2207,0.9766,22742 B,1.00
'MergeAndOrder with ascending ordering',MediumRun,False,Default,Default,Default,Default,Default,Default,1111,Empty,RyuJit,Default,X64,8c5e7fda-e8bf-4a96-9a85-a6e23a8c635c,.NET 10.0,False,True,False,True,Default,Default,False,False,False,Default,Default,Default,Default,Default,Default,Default,Default,15,Default,2,Default,Default,Default,Default,Default,Default,16,10,25,10,"143,980.7 ns",521.51 ns,764.42 ns,"143,917.6 ns",1.000,0.01,2,0.9766,0.7324,19740 B,1.00
'MergeAndOrder without ordering',MediumRun,False,Default,Default,Default,Default,Default,Default,1111,Empty,RyuJit,Default,X64,8c5e7fda-e8bf-4a96-9a85-a6e23a8c635c,.NET 10.0,False,True,False,True,Default,Default,False,False,False,Default,Default,Default,Default,Default,Default,Default,Default,15,Default,2,Default,Default,Default,Default,Default,Default,16,10,25,10,"1,371.8 ns",9.45 ns,14.15 ns,"1,374.8 ns",0.010,0.00,1,0.1259,0.0000,2136 B,0.11
"'MergeOrderAndPaginate overfetch (page 1, size 20)'",MediumRun,False,Default,Default,Default,Default,Default,Default,1111,Empty,RyuJit,Default,X64,8c5e7fda-e8bf-4a96-9a85-a6e23a8c635c,.NET 10.0,False,True,False,True,Default,Default,False,False,False,Default,Default,Default,Default,Default,Default,Default,Default,15,Default,2,Default,Default,Default,Default,Default,Default,16,10,25,10,"145,977.5 ns",728.87 ns,"1,090.94 ns","145,851.3 ns",1.014,0.01,2,0.9766,0.7324,20052 B,1.02
"'MergeOrderAndPaginate large page (page 2, size 100)'",MediumRun,False,Default,Default,Default,Default,Default,Default,1111,Empty,RyuJit,Default,X64,8c5e7fda-e8bf-4a96-9a85-a6e23a8c635c,.NET 10.0,False,True,False,True,Default,Default,False,False,False,Default,Default,Default,Default,Default,Default,Default,Default,15,Default,2,Default,Default,Default,Default,Default,Default,16,10,25,10,"145,630.5 ns",688.53 ns,987.46 ns,"145,315.4 ns",1.011,0.01,2,1.2207,0.9766,20696 B,1.05
'MergeAndOrder with descending ordering',MediumRun,False,Default,Default,Default,Default,Default,Default,1111,Empty,RyuJit,Default,X64,8c5e7fda-e8bf-4a96-9a85-a6e23a8c635c,.NET 10.0,False,True,False,True,Default,Default,False,False,False,Default,Default,Default,Default,Default,Default,Default,Default,15,Default,2,Default,Default,Default,Default,Default,Default,16,10,25,10,"158,119.4 ns",656.49 ns,962.28 ns,"158,209.9 ns",1.098,0.01,3,0.9766,0.7324,19740 B,1.00
'MergeAndOrder with ascending ordering',MediumRun,False,Default,Default,Default,Default,Default,Default,1111,Empty,RyuJit,Default,X64,8c5e7fda-e8bf-4a96-9a85-a6e23a8c635c,.NET 10.0,False,True,False,True,Default,Default,False,False,False,Default,Default,Default,Default,Default,Default,Default,Default,15,Default,2,Default,Default,Default,Default,Default,Default,16,10,25,100,"600,926.1 ns","18,920.69 ns","25,898.86 ns","600,509.0 ns",1.002,0.06,2,8.7891,3.9063,154735 B,1.00
'MergeAndOrder without ordering',MediumRun,False,Default,Default,Default,Default,Default,Default,1111,Empty,RyuJit,Default,X64,8c5e7fda-e8bf-4a96-9a85-a6e23a8c635c,.NET 10.0,False,True,False,True,Default,Default,False,False,False,Default,Default,Default,Default,Default,Default,Default,Default,15,Default,2,Default,Default,Default,Default,Default,Default,16,10,25,100,"2,468.6 ns",89.66 ns,125.69 ns,"2,415.0 ns",0.004,0.00,1,1.2016,0.0763,20136 B,0.13
"'MergeOrderAndPaginate overfetch (page 1, size 20)'",MediumRun,False,Default,Default,Default,Default,Default,Default,1111,Empty,RyuJit,Default,X64,8c5e7fda-e8bf-4a96-9a85-a6e23a8c635c,.NET 10.0,False,True,False,True,Default,Default,False,False,False,Default,Default,Default,Default,Default,Default,Default,Default,15,Default,2,Default,Default,Default,Default,Default,Default,16,10,25,100,"581,682.2 ns","2,506.55 ns","3,751.69 ns","582,735.5 ns",0.970,0.04,2,8.7891,3.9063,155047 B,1.00
"'MergeOrderAndPaginate large page (page 2, size 100)'",MediumRun,False,Default,Default,Default,Default,Default,Default,1111,Empty,RyuJit,Default,X64,8c5e7fda-e8bf-4a96-9a85-a6e23a8c635c,.NET 10.0,False,True,False,True,Default,Default,False,False,False,Default,Default,Default,Default,Default,Default,Default,Default,15,Default,2,Default,Default,Default,Default,Default,Default,16,10,25,100,"575,501.0 ns","1,589.90 ns","2,330.45 ns","575,264.3 ns",0.959,0.04,2,8.7891,3.9063,155687 B,1.01
'MergeAndOrder with descending ordering',MediumRun,False,Default,Default,Default,Default,Default,Default,1111,Empty,RyuJit,Default,X64,8c5e7fda-e8bf-4a96-9a85-a6e23a8c635c,.NET 10.0,False,True,False,True,Default,Default,False,False,False,Default,Default,Default,Default,Default,Default,Default,Default,15,Default,2,Default,Default,Default,Default,Default,Default,16,10,25,100,"880,146.9 ns","15,736.86 ns","21,008.26 ns","891,073.7 ns",1.467,0.07,3,8.7891,3.9063,154735 B,1.00
