Method,Job,AnalyzeLaunchVariance,EvaluateOverhead,MaxAbsoluteError,MaxRelativeError,MinInvokeCount,MinIterationTime,OutlierMode,Affinity,EnvironmentVariables,Jit,LargeAddressAware,Platform,PowerPlanMode,Runtime,AllowVeryLargeObjects,Concurrent,CpuGroups,Force,HeapAffinitizeMask,HeapCount,NoAffinitize,RetainVm,Server,Arguments,BuildConfiguration,Clock,EngineFactory,NuGetReferences,Toolchain,IsMutator,InvocationCount,IterationCount,IterationTime,LaunchCount,MaxIterationCount,MaxWarmupIterationCount,MemoryRandomization,MinIterationCount,MinWarmupIterationCount,RunStrategy,UnrollFactor,WarmupCount,CriteriaCount,Mean,Error,StdDev,Median,Ratio,RatioSD,Rank,Gen0,Allocated,Alloc Ratio
'Simple Where (single criterion)',MediumRun,False,Default,Default,Default,Default,Default,Default,1111,Empty,RyuJit,Default,X64,8c5e7fda-e8bf-4a96-9a85-a6e23a8c635c,.NET 10.0,False,True,False,True,Default,Default,False,False,False,Default,Default,Default,Default,Default,Default,Default,Default,15,Default,2,Default,Default,Default,Default,Default,Default,16,10,2,14.532 μs,0.1258 μs,0.1844 μs,14.449 μs,1.00,0.02,3,0.3815,6.45 KB,1.00
'Direct LINQ Where (baseline)',MediumRun,False,Default,Default,Default,Default,Default,Default,1111,Empty,RyuJit,Default,X64,8c5e7fda-e8bf-4a96-9a85-a6e23a8c635c,.NET 10.0,False,True,False,True,Default,Default,False,False,False,Default,Default,Default,Default,Default,Default,Default,Default,15,Default,2,Default,Default,Default,Default,Default,Default,16,10,2,11.845 μs,0.0706 μs,0.1056 μs,11.883 μs,0.82,0.01,2,0.3204,5.26 KB,0.82
'Complex predicates (parameterized)',MediumRun,False,Default,Default,Default,Default,Default,Default,1111,Empty,RyuJit,Default,X64,8c5e7fda-e8bf-4a96-9a85-a6e23a8c635c,.NET 10.0,False,True,False,True,Default,Default,False,False,False,Default,Default,Default,Default,Default,Default,Default,Default,15,Default,2,Default,Default,Default,Default,Default,Default,16,10,2,17.460 μs,0.1245 μs,0.1786 μs,17.392 μs,1.20,0.02,4,0.3662,6.42 KB,1.00
'Two criteria (AND)',MediumRun,False,Default,Default,Default,Default,Default,Default,1111,Empty,RyuJit,Default,X64,8c5e7fda-e8bf-4a96-9a85-a6e23a8c635c,.NET 10.0,False,True,False,True,Default,Default,False,False,False,Default,Default,Default,Default,Default,Default,Default,Default,15,Default,2,Default,Default,Default,Default,Default,Default,16,10,2,17.059 μs,0.0880 μs,0.1290 μs,17.086 μs,1.17,0.02,4,0.3662,6.14 KB,0.95
'Five criteria (AND)',MediumRun,False,Default,Default,Default,Default,Default,Default,1111,Empty,RyuJit,Default,X64,8c5e7fda-e8bf-4a96-9a85-a6e23a8c635c,.NET 10.0,False,True,False,True,Default,Default,False,False,False,Default,Default,Default,Default,Default,Default,Default,Default,15,Default,2,Default,Default,Default,Default,Default,Default,16,10,2,38.161 μs,0.1419 μs,0.2080 μs,38.071 μs,2.63,0.04,8,0.6714,11.71 KB,1.82
'Ten criteria (AND)',MediumRun,False,Default,Default,Default,Default,Default,Default,1111,Empty,RyuJit,Default,X64,8c5e7fda-e8bf-4a96-9a85-a6e23a8c635c,.NET 10.0,False,True,False,True,Default,Default,False,False,False,Default,Default,Default,Default,Default,Default,Default,Default,15,Default,2,Default,Default,Default,Default,Default,Default,16,10,2,71.161 μs,0.1307 μs,0.1916 μs,71.185 μs,4.90,0.06,10,1.2207,20.91 KB,3.24
'Keyset pagination',MediumRun,False,Default,Default,Default,Default,Default,Default,1111,Empty,RyuJit,Default,X64,8c5e7fda-e8bf-4a96-9a85-a6e23a8c635c,.NET 10.0,False,True,False,True,Default,Default,False,False,False,Default,Default,Default,Default,Default,Default,Default,Default,15,Default,2,Default,Default,Default,Default,Default,Default,16,10,2,26.953 μs,0.5166 μs,0.7732 μs,26.971 μs,1.85,0.06,7,0.6104,10.43 KB,1.62
'Keyset pagination (fresh cursor)',MediumRun,False,Default,Default,Default,Default,Default,Default,1111,Empty,RyuJit,Default,X64,8c5e7fda-e8bf-4a96-9a85-a6e23a8c635c,.NET 10.0,False,True,False,True,Default,Default,False,False,False,Default,Default,Default,Default,Default,Default,Default,Default,15,Default,2,Default,Default,Default,Default,Default,Default,16,10,2,"4,115.401 μs",16.6264 μs,24.8856 μs,"4,113.373 μs",283.23,3.91,11,0.0000,109.14 KB,16.93
'Lambda Include',MediumRun,False,Default,Default,Default,Default,Default,Default,1111,Empty,RyuJit,Default,X64,8c5e7fda-e8bf-4a96-9a85-a6e23a8c635c,.NET 10.0,False,True,False,True,Default,Default,False,False,False,Default,Default,Default,Default,Default,Default,Default,Default,15,Default,2,Default,Default,Default,Default,Default,Default,16,10,2,9.190 μs,0.0632 μs,0.0926 μs,9.254 μs,0.63,0.01,1,0.2594,4.26 KB,0.66
'String Include',MediumRun,False,Default,Default,Default,Default,Default,Default,1111,Empty,RyuJit,Default,X64,8c5e7fda-e8bf-4a96-9a85-a6e23a8c635c,.NET 10.0,False,True,False,True,Default,Default,False,False,False,Default,Default,Default,Default,Default,Default,Default,Default,15,Default,2,Default,Default,Default,Default,Default,Default,16,10,2,9.164 μs,0.0123 μs,0.0173 μs,9.171 μs,0.63,0.01,1,0.2594,4.26 KB,0.66
'Multi-column ordering',MediumRun,False,Default,Default,Default,Default,Default,Default,1111,Empty,RyuJit,Default,X64,8c5e7fda-e8bf-4a96-9a85-a6e23a8c635c,.NET 10.0,False,True,False,True,Default,Default,False,False,False,Default,Default,Default,Default,Default,Default,Default,Default,15,Default,2,Default,Default,Default,Default,Default,Default,16,10,2,20.862 μs,0.1610 μs,0.2360 μs,20.897 μs,1.44,0.02,5,0.5188,8.77 KB,1.36
'Offset pagination (Skip/Take)',MediumRun,False,Default,Default,Default,Default,Default,Default,1111,Empty,RyuJit,Default,X64,8c5e7fda-e8bf-4a96-9a85-a6e23a8c635c,.NET 10.0,False,True,False,True,Default,Default,False,False,False,Default,Default,Default,Default,Default,Default,Default,Default,15,Default,2,Default,Default,Default,Default,Default,Default,16,10,2,21.780 μs,0.1277 μs,0.1911 μs,21.802 μs,1.50,0.02,6,0.5493,9.36 KB,1.45
'Full specification (all features)',MediumRun,False,Default,Default,Default,Default,Default,Default,1111,Empty,RyuJit,Default,X64,8c5e7fda-e8bf-4a96-9a85-a6e23a8c635c,.NET 10.0,False,True,False,True,Default,Default,False,False,False,Default,Default,Default,Default,Default,Default,Default,Default,15,Default,2,Default,Default,Default,Default,Default,Default,16,10,2,60.009 μs,0.2584 μs,0.3867 μs,60.080 μs,4.13,0.06,9,1.2207,20.04 KB,3.11
'Simple Where (single criterion)',MediumRun,False,Default,Default,Default,Default,Default,Default,1111,Empty,RyuJit,Default,X64,8c5e7fda-e8bf-4a96-9a85-a6e23a8c635c,.NET 10.0,False,True,False,True,Default,Default,False,False,False,Default,Default,Default,Default,Default,Default,Default,Default,15,Default,2,Default,Default,Default,Default,Default,Default,16,10,10,14.685 μs,0.1937 μs,0.2778 μs,14.494 μs,1.00,0.03,3,0.3815,6.45 KB,1.00
'Direct LINQ Where (baseline)',MediumRun,False,Default,Default,Default,Default,Default,Default,1111,Empty,RyuJit,Default,X64,8c5e7fda-e8bf-4a96-9a85-a6e23a8c635c,.NET 10.0,False,True,False,True,Default,Default,False,False,False,Default,Default,Default,Default,Default,Default,Default,Default,15,Default,2,Default,Default,Default,Default,Default,Default,16,10,10,11.985 μs,0.0320 μs,0.0480 μs,11.994 μs,0.82,0.02,2,0.3204,5.26 KB,0.82
'Complex predicates (parameterized)',MediumRun,False,Default,Default,Default,Default,Default,Default,1111,Empty,RyuJit,Default,X64,8c5e7fda-e8bf-4a96-9a85-a6e23a8c635c,.NET 10.0,False,True,False,True,Default,Default,False,False,False,Default,Default,Default,Default,Default,Default,Default,Default,15,Default,2,Default,Default,Default,Default,Default,Default,16,10,10,71.988 μs,0.5380 μs,0.7715 μs,71.607 μs,4.90,0.10,10,1.2207,20.91 KB,3.24
'Two criteria (AND)',MediumRun,False,Default,Default,Default,Default,Default,Default,1111,Empty,RyuJit,Default,X64,8c5e7fda-e8bf-4a96-9a85-a6e23a8c635c,.NET 10.0,False,True,False,True,Default,Default,False,False,False,Default,Default,Default,Default,Default,Default,Default,Default,15,Default,2,Default,Default,Default,Default,Default,Default,16,10,10,16.963 μs,0.1467 μs,0.2150 μs,16.867 μs,1.16,0.03,4,0.3662,6.14 KB,0.95
'Five criteria (AND)',MediumRun,False,Default,Default,Default,Default,Default,Default,1111,Empty,RyuJit,Default,X64,8c5e7fda-e8bf-4a96-9a85-a6e23a8c635c,.NET 10.0,False,True,False,True,Default,Default,False,False,False,Default,Default,Default,Default,Default,Default,Default,Default,15,Default,2,Default,Default,Default,Default,Default,Default,16,10,10,38.146 μs,0.0519 μs,0.0777 μs,38.127 μs,2.60,0.05,8,0.6714,11.55 KB,1.79
'Ten criteria (AND)',MediumRun,False,Default,Default,Default,Default,Default,Default,1111,Empty,RyuJit,Default,X64,8c5e7fda-e8bf-4a96-9a85-a6e23a8c635c,.NET 10.0,False,True,False,True,Default,Default,False,False,False,Default,Default,Default,Default,Default,Default,Default,Default,15,Default,2,Default,Default,Default,Default,Default,Default,16,10,10,71.012 μs,0.5448 μs,0.7986 μs,71.532 μs,4.84,0.10,10,1.2207,20.91 KB,3.24
'Keyset pagination',MediumRun,False,Default,Default,Default,Default,Default,Default,1111,Empty,RyuJit,Default,X64,8c5e7fda-e8bf-4a96-9a85-a6e23a8c635c,.NET 10.0,False,True,False,True,Default,Default,False,False,False,Default,Default,Default,Default,Default,Default,Default,Default,15,Default,2,Default,Default,Default,Default,Default,Default,16,10,10,26.635 μs,0.2917 μs,0.4366 μs,26.560 μs,1.81,0.04,7,0.6409,10.74 KB,1.67
'Keyset pagination (fresh cursor)',MediumRun,False,Default,Default,Default,Default,Default,Default,1111,Empty,RyuJit,Default,X64,8c5e7fda-e8bf-4a96-9a85-a6e23a8c635c,.NET 10.0,False,True,False,True,Default,Default,False,False,False,Default,Default,Default,Default,Default,Default,Default,Default,15,Default,2,Default,Default,Default,Default,Default,Default,16,10,10,"4,099.751 μs",13.7556 μs,19.7279 μs,"4,106.023 μs",279.28,5.34,11,0.0000,109.07 KB,16.92
'Lambda Include',MediumRun,False,Default,Default,Default,Default,Default,Default,1111,Empty,RyuJit,Default,X64,8c5e7fda-e8bf-4a96-9a85-a6e23a8c635c,.NET 10.0,False,True,False,True,Default,Default,False,False,False,Default,Default,Default,Default,Default,Default,Default,Default,15,Default,2,Default,Default,Default,Default,Default,Default,16,10,10,9.220 μs,0.0221 μs,0.0324 μs,9.223 μs,0.63,0.01,1,0.2594,4.26 KB,0.66
'String Include',MediumRun,False,Default,Default,Default,Default,Default,Default,1111,Empty,RyuJit,Default,X64,8c5e7fda-e8bf-4a96-9a85-a6e23a8c635c,.NET 10.0,False,True,False,True,Default,Default,False,False,False,Default,Default,Default,Default,Default,Default,Default,Default,15,Default,2,Default,Default,Default,Default,Default,Default,16,10,10,9.143 μs,0.0172 μs,0.0258 μs,9.147 μs,0.62,0.01,1,0.2594,4.26 KB,0.66
'Multi-column ordering',MediumRun,False,Default,Default,Default,Default,Default,Default,1111,Empty,RyuJit,Default,X64,8c5e7fda-e8bf-4a96-9a85-a6e23a8c635c,.NET 10.0,False,True,False,True,Default,Default,False,False,False,Default,Default,Default,Default,Default,Default,Default,Default,15,Default,2,Default,Default,Default,Default,Default,Default,16,10,10,20.970 μs,0.2471 μs,0.3544 μs,20.710 μs,1.43,0.04,5,0.5493,9.09 KB,1.41
'Offset pagination (Skip/Take)',MediumRun,False,Default,Default,Default,Default,Default,Default,1111,Empty,RyuJit,Default,X64,8c5e7fda-e8bf-4a96-9a85-a6e23a8c635c,.NET 10.0,False,True,False,True,Default,Default,False,False,False,Default,Default,Default,Default,Default,Default,Default,Default,15,Default,2,Default,Default,Default,Default,Default,Default,16,10,10,21.840 μs,0.0409 μs,0.0587 μs,21.840 μs,1.49,0.03,6,0.5493,9.36 KB,1.45
'Full specification (all features)',MediumRun,False,Default,Default,Default,Default,Default,Default,1111,Empty,RyuJit,Default,X64,8c5e7fda-e8bf-4a96-9a85-a6e23a8c635c,.NET 10.0,False,True,False,True,Default,Default,False,False,False,Default,Default,Default,Default,Default,Default,Default,Default,15,Default,2,Default,Default,Default,Default,Default,Default,16,10,10,60.058 μs,0.2787 μs,0.4172 μs,60.011 μs,4.09,0.08,9,1.2207,20.2 KB,3.13
