Method,Job,AnalyzeLaunchVariance,EvaluateOverhead,MaxAbsoluteError,MaxRelativeError,MinInvokeCount,MinIterationTime,OutlierMode,Affinity,EnvironmentVariables,Jit,LargeAddressAware,Platform,PowerPlanMode,Runtime,AllowVeryLargeObjects,Concurrent,CpuGroups,Force,HeapAffinitizeMask,HeapCount,NoAffinitize,RetainVm,Server,Arguments,BuildConfiguration,Clock,EngineFactory,NuGetReferences,Toolchain,IsMutator,InvocationCount,IterationCount,IterationTime,LaunchCount,MaxIterationCount,MaxWarmupIterationCount,MemoryRandomization,MinIterationCount,MinWarmupIterationCount,RunStrategy,UnrollFactor,WarmupCount,ThreadCount,Mean,Error,StdDev,Median,Ratio,RatioSD,Gen0,Completed Work Items,Lock Contentions,Allocated,Alloc Ratio
'Concurrent RoundRobin',MediumRun,False,Default,Default,Default,Default,Default,Default,1111,Empty,RyuJit,Default,X64,8c5e7fda-e8bf-4a96-9a85-a6e23a8c635c,.NET 10.0,False,True,False,True,Default,Default,False,False,False,Default,Default,Default,Default,Default,Default,Default,Default,15,Default,2,Default,Default,Default,Default,Default,Default,16,10,1,10.41 μs,0.011 μs,0.015 μs,10.41 μs,1.00,0.00,0.0763,0.0000,0.0000,1.47 KB,1.00
'Concurrent Random',MediumRun,False,Default,Default,Default,Default,Default,Default,1111,Empty,RyuJit,Default,X64,8c5e7fda-e8bf-4a96-9a85-a6e23a8c635c,.NET 10.0,False,True,False,True,Default,Default,False,False,False,Default,Default,Default,Default,Default,Default,Default,Default,15,Default,2,Default,Default,Default,Default,Default,Default,16,10,1,18.57 μs,0.267 μs,0.356 μs,18.27 μs,1.78,0.03,0.0610,0.0000,0.0000,1.47 KB,1.00
'Concurrent LeastLatency',MediumRun,False,Default,Default,Default,Default,Default,Default,1111,Empty,RyuJit,Default,X64,8c5e7fda-e8bf-4a96-9a85-a6e23a8c635c,.NET 10.0,False,True,False,True,Default,Default,False,False,False,Default,Default,Default,Default,Default,Default,Default,Default,15,Default,2,Default,Default,Default,Default,Default,Default,16,10,1,108.76 μs,0.253 μs,0.362 μs,108.58 μs,10.45,0.04,0.0000,0.0000,0.0000,1.47 KB,1.00
'Concurrent LeastConnections',MediumRun,False,Default,Default,Default,Default,Default,Default,1111,Empty,RyuJit,Default,X64,8c5e7fda-e8bf-4a96-9a85-a6e23a8c635c,.NET 10.0,False,True,False,True,Default,Default,False,False,False,Default,Default,Default,Default,Default,Default,Default,Default,15,Default,2,Default,Default,Default,Default,Default,Default,16,10,1,105.54 μs,1.123 μs,1.537 μs,104.36 μs,10.14,0.15,0.0000,0.0000,0.0000,1.47 KB,1.00
'Concurrent WeightedRandom',MediumRun,False,Default,Default,Default,Default,Default,Default,1111,Empty,RyuJit,Default,X64,8c5e7fda-e8bf-4a96-9a85-a6e23a8c635c,.NET 10.0,False,True,False,True,Default,Default,False,False,False,Default,Default,Default,Default,Default,Default,Default,Default,15,Default,2,Default,Default,Default,Default,Default,Default,16,10,1,70.43 μs,0.746 μs,0.995 μs,69.52 μs,6.77,0.09,0.0000,0.0000,0.0000,1.47 KB,1.00
'Concurrent RoundRobin',MediumRun,False,Default,Default,Default,Default,Default,Default,1111,Empty,RyuJit,Default,X64,8c5e7fda-e8bf-4a96-9a85-a6e23a8c635c,.NET 10.0,False,True,False,True,Default,Default,False,False,False,Default,Default,Default,Default,Default,Default,Default,Default,15,Default,2,Default,Default,Default,Default,Default,Default,16,10,4,35.51 μs,0.141 μs,0.207 μs,35.54 μs,1.00,0.01,0.1221,2.9995,0.0000,2.05 KB,1.00
'Concurrent Random',MediumRun,False,Default,Default,Default,Default,Default,Default,1111,Empty,RyuJit,Default,X64,8c5e7fda-e8bf-4a96-9a85-a6e23a8c635c,.NET 10.0,False,True,False,True,Default,Default,False,False,False,Default,Default,Default,Default,Default,Default,Default,Default,15,Default,2,Default,Default,Default,Default,Default,Default,16,10,4,12.14 μs,0.122 μs,0.183 μs,12.16 μs,0.34,0.01,0.1221,2.9996,0.0000,2.05 KB,1.00
'Concurrent LeastLatency',MediumRun,False,Default,Default,Default,Default,Default,Default,1111,Empty,RyuJit,Default,X64,8c5e7fda-e8bf-4a96-9a85-a6e23a8c635c,.NET 10.0,False,True,False,True,Default,Default,False,False,False,Default,Default,Default,Default,Default,Default,Default,Default,15,Default,2,Default,Default,Default,Default,Default,Default,16,10,4,57.00 μs,0.092 μs,0.128 μs,56.97 μs,1.61,0.01,0.1221,2.9998,0.0000,2.05 KB,1.00
'Concurrent LeastConnections',MediumRun,False,Default,Default,Default,Default,Default,Default,1111,Empty,RyuJit,Default,X64,8c5e7fda-e8bf-4a96-9a85-a6e23a8c635c,.NET 10.0,False,True,False,True,Default,Default,False,False,False,Default,Default,Default,Default,Default,Default,Default,Default,15,Default,2,Default,Default,Default,Default,Default,Default,16,10,4,56.03 μs,0.098 μs,0.144 μs,56.01 μs,1.58,0.01,0.1221,2.9997,0.0000,2.05 KB,1.00
'Concurrent WeightedRandom',MediumRun,False,Default,Default,Default,Default,Default,Default,1111,Empty,RyuJit,Default,X64,8c5e7fda-e8bf-4a96-9a85-a6e23a8c635c,.NET 10.0,False,True,False,True,Default,Default,False,False,False,Default,Default,Default,Default,Default,Default,Default,Default,15,Default,2,Default,Default,Default,Default,Default,Default,16,10,4,31.65 μs,0.261 μs,0.383 μs,31.59 μs,0.89,0.01,0.1221,2.9993,0.0000,2.05 KB,1.00
'Concurrent RoundRobin',MediumRun,False,Default,Default,Default,Default,Default,Default,1111,Empty,RyuJit,Default,X64,8c5e7fda-e8bf-4a96-9a85-a6e23a8c635c,.NET 10.0,False,True,False,True,Default,Default,False,False,False,Default,Default,Default,Default,Default,Default,Default,Default,15,Default,2,Default,Default,Default,Default,Default,Default,16,10,8,35.03 μs,0.396 μs,0.593 μs,35.16 μs,1.00,0.02,0.1221,3.9826,0.0000,2.43 KB,1.00
'Concurrent Random',MediumRun,False,Default,Default,Default,Default,Default,Default,1111,Empty,RyuJit,Default,X64,8c5e7fda-e8bf-4a96-9a85-a6e23a8c635c,.NET 10.0,False,True,False,True,Default,Default,False,False,False,Default,Default,Default,Default,Default,Default,Default,Default,15,Default,2,Default,Default,Default,Default,Default,Default,16,10,8,13.28 μs,0.126 μs,0.189 μs,13.27 μs,0.38,0.01,0.1373,3.8502,0.0000,2.42 KB,1.00
'Concurrent LeastLatency',MediumRun,False,Default,Default,Default,Default,Default,Default,1111,Empty,RyuJit,Default,X64,8c5e7fda-e8bf-4a96-9a85-a6e23a8c635c,.NET 10.0,False,True,False,True,Default,Default,False,False,False,Default,Default,Default,Default,Default,Default,Default,Default,15,Default,2,Default,Default,Default,Default,Default,Default,16,10,8,57.24 μs,0.108 μs,0.158 μs,57.23 μs,1.63,0.03,0.1221,3.9921,0.0000,2.42 KB,1.00
'Concurrent LeastConnections',MediumRun,False,Default,Default,Default,Default,Default,Default,1111,Empty,RyuJit,Default,X64,8c5e7fda-e8bf-4a96-9a85-a6e23a8c635c,.NET 10.0,False,True,False,True,Default,Default,False,False,False,Default,Default,Default,Default,Default,Default,Default,Default,15,Default,2,Default,Default,Default,Default,Default,Default,16,10,8,56.32 μs,0.100 μs,0.144 μs,56.30 μs,1.61,0.03,0.1221,4.0004,0.0000,2.42 KB,1.00
'Concurrent WeightedRandom',MediumRun,False,Default,Default,Default,Default,Default,Default,1111,Empty,RyuJit,Default,X64,8c5e7fda-e8bf-4a96-9a85-a6e23a8c635c,.NET 10.0,False,True,False,True,Default,Default,False,False,False,Default,Default,Default,Default,Default,Default,Default,Default,15,Default,2,Default,Default,Default,Default,Default,Default,16,10,8,31.79 μs,0.185 μs,0.265 μs,31.72 μs,0.91,0.02,0.1221,3.9636,0.0000,2.43 KB,1.00
'Concurrent RoundRobin',MediumRun,False,Default,Default,Default,Default,Default,Default,1111,Empty,RyuJit,Default,X64,8c5e7fda-e8bf-4a96-9a85-a6e23a8c635c,.NET 10.0,False,True,False,True,Default,Default,False,False,False,Default,Default,Default,Default,Default,Default,Default,Default,15,Default,2,Default,Default,Default,Default,Default,Default,16,10,16,35.02 μs,0.189 μs,0.283 μs,35.04 μs,1.00,0.01,0.1221,3.9484,0.0000,2.95 KB,1.00
'Concurrent Random',MediumRun,False,Default,Default,Default,Default,Default,Default,1111,Empty,RyuJit,Default,X64,8c5e7fda-e8bf-4a96-9a85-a6e23a8c635c,.NET 10.0,False,True,False,True,Default,Default,False,False,False,Default,Default,Default,Default,Default,Default,Default,Default,15,Default,2,Default,Default,Default,Default,Default,Default,16,10,16,14.29 μs,0.163 μs,0.244 μs,14.33 μs,0.41,0.01,0.1831,3.9935,0.0000,3.09 KB,1.05
'Concurrent LeastLatency',MediumRun,False,Default,Default,Default,Default,Default,Default,1111,Empty,RyuJit,Default,X64,8c5e7fda-e8bf-4a96-9a85-a6e23a8c635c,.NET 10.0,False,True,False,True,Default,Default,False,False,False,Default,Default,Default,Default,Default,Default,Default,Default,15,Default,2,Default,Default,Default,Default,Default,Default,16,10,16,58.66 μs,0.056 μs,0.076 μs,58.67 μs,1.68,0.01,0.1221,3.9995,0.0000,2.94 KB,1.00
'Concurrent LeastConnections',MediumRun,False,Default,Default,Default,Default,Default,Default,1111,Empty,RyuJit,Default,X64,8c5e7fda-e8bf-4a96-9a85-a6e23a8c635c,.NET 10.0,False,True,False,True,Default,Default,False,False,False,Default,Default,Default,Default,Default,Default,Default,Default,15,Default,2,Default,Default,Default,Default,Default,Default,16,10,16,57.61 μs,0.089 μs,0.133 μs,57.60 μs,1.65,0.01,0.1221,3.9934,0.0000,2.95 KB,1.00
'Concurrent WeightedRandom',MediumRun,False,Default,Default,Default,Default,Default,Default,1111,Empty,RyuJit,Default,X64,8c5e7fda-e8bf-4a96-9a85-a6e23a8c635c,.NET 10.0,False,True,False,True,Default,Default,False,False,False,Default,Default,Default,Default,Default,Default,Default,Default,15,Default,2,Default,Default,Default,Default,Default,Default,16,10,16,33.20 μs,0.188 μs,0.276 μs,33.20 μs,0.95,0.01,0.1221,3.9184,0.0000,2.97 KB,1.01
