id,severity,aud_item,file_line,summary,proposed_destination,effort
F-01,major,AUD-14,"src/Encina.ADO.PostgreSQL/Sharding/Migrations/PostgreSqlSchemaIntrospector.cs:111",Reads DateTimeOffset.UtcNow directly instead of TimeProvider; contradicts the #543/#667 decision with no recorded exception,executable-rule (fix code; regression-test),S
F-02,major,AUD-14,"src/Encina.ADO.PostgreSQL/Sharding/Migrations/AdoMigrationHistoryStore.cs:82,116,191",Reads DateTime.UtcNow directly in 3 call sites instead of TimeProvider,executable-rule (fix code; regression-test),S
F-03,blocker,AUD-16,"src/Encina.ADO.PostgreSQL/UnitOfWork/UnitOfWorkADO.cs:153,175",Synchronous BeginTransaction()/Commit() on the unit-of-work hot path; same pattern #794/#897 fixed elsewhere (Sonar S6966),executable-rule (fix code; regression-test),M
F-04,major,AUD-16,"src/Encina.ADO.PostgreSQL/BulkOperations/BulkOperationsPostgreSQL.cs:381; ABAC/PolicyStoreADO.cs:435; Modules/SchemaValidatingConnection.cs:81; Temporal/TemporalRepositoryADO.cs:635,662,672,682; Anonymization/TokenMappingStoreADO.cs:252; Sharding/ReferenceTables/ReferenceTableStoreFactoryADO.cs:21; Sharding/ReferenceTables/ReferenceTableStoreADO.cs:96,98; Sharding/Migrations/AdoHelper.cs:18,28,38; Sharding/Migrations/AdoMigrationExecutor.cs:53; Modules/SchemaValidatingCommand.cs:118,132",14 more synchronous ADO.NET calls (.Open()/.ExecuteReader()/.ExecuteScalar()/.ExecuteNonQuery()/.Read()) across 10 files,executable-rule (fix code; regression-test),M
F-05,minor,AUD-05,"tests/Encina.GuardTests/ADO/PostgreSQL/ (missing BulkOperations*.cs)",No guard-test file or justification .md for BulkOperationsPostgreSQL, unlike Encina.ADO.SqlServer's BulkOperationsADOGuardTests.cs,regression-test (add guard tests) / none (justification if intentional),S
F-06,minor,AUD-17,"tests/ (no ValidateOnBuild+ValidateScopes test for Encina.ADO.PostgreSQL registrations)",No test builds the ServiceProvider with ValidateOnBuild/ValidateScopes for AddEncinaADO's registrations; manual review found no live defect but the #1273-class safety net is absent,executable-rule (add DI-graph test),S
F-07,major,AUD-11,"src/Encina.ADO.PostgreSQL/README.md:37",Quick Start sample calls AddEncinaADOPostgreSQL(...) which does not exist; real methods are the AddEncinaADO(...) overloads in ServiceCollectionExtensions.cs,docs,S
F-08,minor,AUD-03,"src/Encina.ADO.PostgreSQL (whole package, unit flag)",Unit-flag coverage measured 29.6% by a file-level proxy of the obligations model against a 30% target; needs a run of the official .github/scripts/coverage-report.cs / CI Full to confirm pass or fail,quality-method (re-verify only; not a target change),S
F-09,minor,AUD-13,"src/Encina.ADO.PostgreSQL/Auditing/AuditStoreADO.cs:143,178,215,248,326,350; Auditing/ReadAuditStoreADO.cs:120,155,192,251,275; Anonymization/TokenMappingStoreADO.cs:66",Exception messages (ex.Message) are interpolated unsanitized into EncinaError in audit and anonymization stores; TokenMappingStoreADO is the more sensitive of the two since it maps tokens to original values,executable-rule (sanitize before EncinaError; regression-test),S
F-10,major,AUD-02,"src/Encina.ADO.PostgreSQL (whole package)",OpenTelemetry (no ActivitySource/Meter) and resilience (no Polly/ResiliencePipeline) are entirely absent from the package with no deferral issue recorded; structured logging exists in only 5 of ~25 store/factory classes,backlog (deferral issues) or executable-rule (add tracing to hot paths),M
F-11,major,AUD-07,"src/Encina.EntityFrameworkCore/Caching/*.cs; src/Encina.EntityFrameworkCore/DomainEvents/*.cs vs src/Encina.ADO.PostgreSQL (no equivalent)",EF Core PostgreSQL ships query-result caching and domain-event dispatch-on-SaveChanges that ADO.PostgreSQL has no equivalent of and no deferral issue records,backlog (deferral issue, or explicit not-applicable decision),M
