Method,Job,AnalyzeLaunchVariance,EvaluateOverhead,MaxAbsoluteError,MaxRelativeError,MinInvokeCount,MinIterationTime,OutlierMode,Affinity,EnvironmentVariables,Jit,LargeAddressAware,Platform,PowerPlanMode,Runtime,AllowVeryLargeObjects,Concurrent,CpuGroups,Force,HeapAffinitizeMask,HeapCount,NoAffinitize,RetainVm,Server,Arguments,BuildConfiguration,Clock,EngineFactory,NuGetReferences,Toolchain,IsMutator,InvocationCount,IterationCount,IterationTime,LaunchCount,MaxIterationCount,MaxWarmupIterationCount,MemoryRandomization,MinIterationCount,MinWarmupIterationCount,RunStrategy,UnrollFactor,WarmupCount,Mean,Error,StdDev,Median,Ratio,RatioSD,Rank,Gen0,Gen1,Gen2,Allocated,Alloc Ratio
Encrypt_Medium_256B,MediumRun,False,Default,Default,Default,Default,Default,Default,1111,Empty,RyuJit,Default,X64,8c5e7fda-e8bf-4a96-9a85-a6e23a8c635c,.NET 10.0,False,True,False,True,Default,Default,False,False,False,Default,Default,Default,Default,Default,Default,Default,Default,15,Default,2,Default,Default,Default,Default,Default,Default,16,10,"5,732.927 ns",86.8785 ns,124.5985 ns,"5,673.813 ns",1.138,0.04,4,0.4501,0.0076,0.0000,7568 B,5.06
Encrypt_VeryLong_64KB,MediumRun,False,Default,Default,Default,Default,Default,Default,1111,Empty,RyuJit,Default,X64,8c5e7fda-e8bf-4a96-9a85-a6e23a8c635c,.NET 10.0,False,True,False,True,Default,Default,False,False,False,Default,Default,Default,Default,Default,Default,Default,Default,15,Default,2,Default,Default,Default,Default,Default,Default,16,10,"144,353.185 ns","1,134.5364 ns","1,698.1208 ns","143,928.097 ns",28.667,1.01,8,137.6953,137.6953,137.6953,569669 B,380.79
Decrypt_Medium_256B,MediumRun,False,Default,Default,Default,Default,Default,Default,1111,Empty,RyuJit,Default,X64,8c5e7fda-e8bf-4a96-9a85-a6e23a8c635c,.NET 10.0,False,True,False,True,Default,Default,False,False,False,Default,Default,Default,Default,Default,Default,Default,Default,15,Default,2,Default,Default,Default,Default,Default,Default,16,10,"4,925.525 ns",18.8508 ns,27.6313 ns,"4,938.743 ns",0.978,0.03,3,0.0763,0.0000,0.0000,1312 B,0.88
Decrypt_Long_4KB,MediumRun,False,Default,Default,Default,Default,Default,Default,1111,Empty,RyuJit,Default,X64,8c5e7fda-e8bf-4a96-9a85-a6e23a8c635c,.NET 10.0,False,True,False,True,Default,Default,False,False,False,Default,Default,Default,Default,Default,Default,Default,Default,15,Default,2,Default,Default,Default,Default,Default,Default,16,10,"8,649.421 ns",127.2089 ns,190.4003 ns,"8,661.217 ns",1.718,0.07,5,0.9918,0.0000,0.0000,16672 B,11.14
DecryptOrPlaceholder_NullKey,MediumRun,False,Default,Default,Default,Default,Default,Default,1111,Empty,RyuJit,Default,X64,8c5e7fda-e8bf-4a96-9a85-a6e23a8c635c,.NET 10.0,False,True,False,True,Default,Default,False,False,False,Default,Default,Default,Default,Default,Default,Default,Default,15,Default,2,Default,Default,Default,Default,Default,Default,16,10,1.228 ns,0.0018 ns,0.0025 ns,1.228 ns,0.000,0.00,1,0.0000,0.0000,0.0000,0 B,0.00
Decrypt_Short_16B,MediumRun,False,Default,Default,Default,Default,Default,Default,1111,Empty,RyuJit,Default,X64,8c5e7fda-e8bf-4a96-9a85-a6e23a8c635c,.NET 10.0,False,True,False,True,Default,Default,False,False,False,Default,Default,Default,Default,Default,Default,Default,Default,15,Default,2,Default,Default,Default,Default,Default,Default,16,10,"4,279.352 ns",98.9755 ns,138.7499 ns,"4,164.996 ns",0.850,0.04,2,0.0153,0.0000,0.0000,344 B,0.23
Decrypt_VeryLong_64KB,MediumRun,False,Default,Default,Default,Default,Default,Default,1111,Empty,RyuJit,Default,X64,8c5e7fda-e8bf-4a96-9a85-a6e23a8c635c,.NET 10.0,False,True,False,True,Default,Default,False,False,False,Default,Default,Default,Default,Default,Default,Default,Default,15,Default,2,Default,Default,Default,Default,Default,Default,16,10,"125,981.777 ns","1,288.6735 ns","1,928.8259 ns","125,940.821 ns",25.019,0.91,7,41.5039,41.5039,41.5039,262483 B,175.46
Encrypt_Long_4KB,MediumRun,False,Default,Default,Default,Default,Default,Default,1111,Empty,RyuJit,Default,X64,8c5e7fda-e8bf-4a96-9a85-a6e23a8c635c,.NET 10.0,False,True,False,True,Default,Default,False,False,False,Default,Default,Default,Default,Default,Default,Default,Default,15,Default,2,Default,Default,Default,Default,Default,Default,16,10,"10,164.521 ns",52.1342 ns,78.0320 ns,"10,187.369 ns",2.019,0.07,6,2.2125,0.0763,0.0000,37112 B,24.81
Encrypt_Short_16B,MediumRun,False,Default,Default,Default,Default,Default,Default,1111,Empty,RyuJit,Default,X64,8c5e7fda-e8bf-4a96-9a85-a6e23a8c635c,.NET 10.0,False,True,False,True,Default,Default,False,False,False,Default,Default,Default,Default,Default,Default,Default,Default,15,Default,2,Default,Default,Default,Default,Default,Default,16,10,"5,041.045 ns",121.1430 ns,169.8256 ns,"5,192.081 ns",1.001,0.05,3,0.0839,0.0000,0.0000,1496 B,1.00
