Method,Job,AnalyzeLaunchVariance,EvaluateOverhead,MaxAbsoluteError,MaxRelativeError,MinInvokeCount,MinIterationTime,OutlierMode,Affinity,EnvironmentVariables,Jit,LargeAddressAware,Platform,PowerPlanMode,Runtime,AllowVeryLargeObjects,Concurrent,CpuGroups,Force,HeapAffinitizeMask,HeapCount,NoAffinitize,RetainVm,Server,Arguments,BuildConfiguration,Clock,EngineFactory,NuGetReferences,Toolchain,IsMutator,InvocationCount,IterationCount,IterationTime,LaunchCount,MaxIterationCount,MaxWarmupIterationCount,MemoryRandomization,MinIterationCount,MinWarmupIterationCount,RunStrategy,UnrollFactor,WarmupCount,ThreadCount,Mean,Error,StdDev,Ratio,RatioSD,Completed Work Items,Lock Contentions,Gen0,Allocated,Alloc Ratio
'Concurrent LeastConnections (lease)',ShortRun,False,Default,Default,Default,Default,Default,Default,1111,Empty,RyuJit,Default,X64,8c5e7fda-e8bf-4a96-9a85-a6e23a8c635c,.NET 10.0,False,True,False,True,Default,Default,False,False,False,Default,Default,Default,Default,Default,Default,Default,Default,3,Default,1,Default,Default,Default,Default,Default,Default,16,3,1,255.08 μs,200.434 μs,10.986 μs,18.15,0.79,0.0000,0.0000,0.0000,32.72 KB,22.28
'Concurrent LeastConnections',ShortRun,False,Default,Default,Default,Default,Default,Default,1111,Empty,RyuJit,Default,X64,8c5e7fda-e8bf-4a96-9a85-a6e23a8c635c,.NET 10.0,False,True,False,True,Default,Default,False,False,False,Default,Default,Default,Default,Default,Default,Default,Default,3,Default,1,Default,Default,Default,Default,Default,Default,16,3,1,219.44 μs,98.815 μs,5.416 μs,15.62,0.49,0.0000,0.0000,0.2441,32.72 KB,22.28
'Concurrent Random',ShortRun,False,Default,Default,Default,Default,Default,Default,1111,Empty,RyuJit,Default,X64,8c5e7fda-e8bf-4a96-9a85-a6e23a8c635c,.NET 10.0,False,True,False,True,Default,Default,False,False,False,Default,Default,Default,Default,Default,Default,Default,Default,3,Default,1,Default,Default,Default,Default,Default,Default,16,3,1,14.74 μs,1.858 μs,0.102 μs,1.05,0.02,0.0000,0.0000,0.0153,1.47 KB,1.00
'Concurrent RoundRobin',ShortRun,False,Default,Default,Default,Default,Default,Default,1111,Empty,RyuJit,Default,X64,8c5e7fda-e8bf-4a96-9a85-a6e23a8c635c,.NET 10.0,False,True,False,True,Default,Default,False,False,False,Default,Default,Default,Default,Default,Default,Default,Default,3,Default,1,Default,Default,Default,Default,Default,Default,16,3,1,14.06 μs,6.890 μs,0.378 μs,1.00,0.03,0.0000,0.0000,0.0153,1.47 KB,1.00
'Concurrent LeastConnections (lease)',ShortRun,False,Default,Default,Default,Default,Default,Default,1111,Empty,RyuJit,Default,X64,8c5e7fda-e8bf-4a96-9a85-a6e23a8c635c,.NET 10.0,False,True,False,True,Default,Default,False,False,False,Default,Default,Default,Default,Default,Default,Default,Default,3,Default,1,Default,Default,Default,Default,Default,Default,16,3,4,487.92 μs,70.925 μs,3.888 μs,12.04,0.23,2.9854,2.2998,0.0000,33.33 KB,16.28
'Concurrent LeastConnections',ShortRun,False,Default,Default,Default,Default,Default,Default,1111,Empty,RyuJit,Default,X64,8c5e7fda-e8bf-4a96-9a85-a6e23a8c635c,.NET 10.0,False,True,False,True,Default,Default,False,False,False,Default,Default,Default,Default,Default,Default,Default,Default,3,Default,1,Default,Default,Default,Default,Default,Default,16,3,4,403.79 μs,25.692 μs,1.408 μs,9.96,0.18,3.0000,8.0518,0.0000,33.33 KB,16.28
'Concurrent Random',ShortRun,False,Default,Default,Default,Default,Default,Default,1111,Empty,RyuJit,Default,X64,8c5e7fda-e8bf-4a96-9a85-a6e23a8c635c,.NET 10.0,False,True,False,True,Default,Default,False,False,False,Default,Default,Default,Default,Default,Default,Default,Default,3,Default,1,Default,Default,Default,Default,Default,Default,16,3,4,10.41 μs,2.092 μs,0.115 μs,0.26,0.01,2.9996,0.0000,0.0153,2.05 KB,1.00
'Concurrent RoundRobin',ShortRun,False,Default,Default,Default,Default,Default,Default,1111,Empty,RyuJit,Default,X64,8c5e7fda-e8bf-4a96-9a85-a6e23a8c635c,.NET 10.0,False,True,False,True,Default,Default,False,False,False,Default,Default,Default,Default,Default,Default,Default,Default,3,Default,1,Default,Default,Default,Default,Default,Default,16,3,4,40.55 μs,15.698 μs,0.860 μs,1.00,0.03,2.9971,0.0001,0.0000,2.05 KB,1.00
'Concurrent LeastConnections (lease)',ShortRun,False,Default,Default,Default,Default,Default,Default,1111,Empty,RyuJit,Default,X64,8c5e7fda-e8bf-4a96-9a85-a6e23a8c635c,.NET 10.0,False,True,False,True,Default,Default,False,False,False,Default,Default,Default,Default,Default,Default,Default,Default,3,Default,1,Default,Default,Default,Default,Default,Default,16,3,8,434.29 μs,42.194 μs,2.313 μs,8.77,0.18,4.3247,3.0557,0.0000,33.74 KB,13.84
'Concurrent LeastConnections',ShortRun,False,Default,Default,Default,Default,Default,Default,1111,Empty,RyuJit,Default,X64,8c5e7fda-e8bf-4a96-9a85-a6e23a8c635c,.NET 10.0,False,True,False,True,Default,Default,False,False,False,Default,Default,Default,Default,Default,Default,Default,Default,3,Default,1,Default,Default,Default,Default,Default,Default,16,3,8,439.31 μs,74.964 μs,4.109 μs,8.88,0.19,6.9375,11.4058,0.0000,34.16 KB,14.01
'Concurrent Random',ShortRun,False,Default,Default,Default,Default,Default,Default,1111,Empty,RyuJit,Default,X64,8c5e7fda-e8bf-4a96-9a85-a6e23a8c635c,.NET 10.0,False,True,False,True,Default,Default,False,False,False,Default,Default,Default,Default,Default,Default,Default,Default,3,Default,1,Default,Default,Default,Default,Default,Default,16,3,8,12.00 μs,0.453 μs,0.025 μs,0.24,0.00,3.9838,0.0000,0.0305,2.49 KB,1.02
'Concurrent RoundRobin',ShortRun,False,Default,Default,Default,Default,Default,Default,1111,Empty,RyuJit,Default,X64,8c5e7fda-e8bf-4a96-9a85-a6e23a8c635c,.NET 10.0,False,True,False,True,Default,Default,False,False,False,Default,Default,Default,Default,Default,Default,Default,Default,3,Default,1,Default,Default,Default,Default,Default,Default,16,3,8,49.51 μs,21.113 μs,1.157 μs,1.00,0.03,3.9732,0.0000,0.0000,2.44 KB,1.00
'Concurrent LeastConnections (lease)',ShortRun,False,Default,Default,Default,Default,Default,Default,1111,Empty,RyuJit,Default,X64,8c5e7fda-e8bf-4a96-9a85-a6e23a8c635c,.NET 10.0,False,True,False,True,Default,Default,False,False,False,Default,Default,Default,Default,Default,Default,Default,Default,3,Default,1,Default,Default,Default,Default,Default,Default,16,3,16,497.21 μs,148.995 μs,8.167 μs,10.97,0.18,10.5518,8.7612,0.0000,35.21 KB,11.66
'Concurrent LeastConnections',ShortRun,False,Default,Default,Default,Default,Default,Default,1111,Empty,RyuJit,Default,X64,8c5e7fda-e8bf-4a96-9a85-a6e23a8c635c,.NET 10.0,False,True,False,True,Default,Default,False,False,False,Default,Default,Default,Default,Default,Default,Default,Default,3,Default,1,Default,Default,Default,Default,Default,Default,16,3,16,435.67 μs,155.385 μs,8.517 μs,9.61,0.18,9.1924,12.9800,0.0000,35 KB,11.59
'Concurrent Random',ShortRun,False,Default,Default,Default,Default,Default,Default,1111,Empty,RyuJit,Default,X64,8c5e7fda-e8bf-4a96-9a85-a6e23a8c635c,.NET 10.0,False,True,False,True,Default,Default,False,False,False,Default,Default,Default,Default,Default,Default,Default,Default,3,Default,1,Default,Default,Default,Default,Default,Default,16,3,16,13.99 μs,0.864 μs,0.047 μs,0.31,0.00,3.9783,0.0000,0.0305,3.08 KB,1.02
'Concurrent RoundRobin',ShortRun,False,Default,Default,Default,Default,Default,Default,1111,Empty,RyuJit,Default,X64,8c5e7fda-e8bf-4a96-9a85-a6e23a8c635c,.NET 10.0,False,True,False,True,Default,Default,False,False,False,Default,Default,Default,Default,Default,Default,Default,Default,3,Default,1,Default,Default,Default,Default,Default,Default,16,3,16,45.32 μs,7.452 μs,0.408 μs,1.00,0.01,3.9711,0.0001,0.0000,3.02 KB,1.00
