Method,Job,AnalyzeLaunchVariance,EvaluateOverhead,MaxAbsoluteError,MaxRelativeError,MinInvokeCount,MinIterationTime,OutlierMode,Affinity,EnvironmentVariables,Jit,LargeAddressAware,Platform,PowerPlanMode,Runtime,AllowVeryLargeObjects,Concurrent,CpuGroups,Force,HeapAffinitizeMask,HeapCount,NoAffinitize,RetainVm,Server,Arguments,BuildConfiguration,Clock,EngineFactory,NuGetReferences,Toolchain,IsMutator,InvocationCount,IterationCount,IterationTime,LaunchCount,MaxIterationCount,MaxWarmupIterationCount,MemoryRandomization,MinIterationCount,MinWarmupIterationCount,RunStrategy,UnrollFactor,WarmupCount,Mean,Error,StdDev,Median,Ratio,RatioSD,Gen0,Allocated,Alloc Ratio
Mask_SSN,Job-YFEFPZ,False,Default,Default,Default,Default,Default,Default,1111,Empty,RyuJit,Default,X64,8c5e7fda-e8bf-4a96-9a85-a6e23a8c635c,.NET 10.0,False,True,False,True,Default,Default,False,False,False,Default,Default,Default,Default,Default,Default,Default,Default,10,Default,Default,Default,Default,Default,Default,Default,Default,16,3,398.39 ns,3.118 ns,1.856 ns,398.21 ns,4.16,0.03,0.0310,520 B,2.32
Mask_WithRegexPattern,Job-YFEFPZ,False,Default,Default,Default,Default,Default,Default,1111,Empty,RyuJit,Default,X64,8c5e7fda-e8bf-4a96-9a85-a6e23a8c635c,.NET 10.0,False,True,False,True,Default,Default,False,False,False,Default,Default,Default,Default,Default,Default,Default,Default,10,Default,Default,Default,Default,Default,Default,Default,Default,16,3,571.63 ns,3.939 ns,2.344 ns,571.63 ns,5.97,0.05,0.0248,416 B,1.86
MaskObject_NoAttributes,Job-YFEFPZ,False,Default,Default,Default,Default,Default,Default,1111,Empty,RyuJit,Default,X64,8c5e7fda-e8bf-4a96-9a85-a6e23a8c635c,.NET 10.0,False,True,False,True,Default,Default,False,False,False,Default,Default,Default,Default,Default,Default,Default,Default,10,Default,Default,Default,Default,Default,Default,Default,Default,16,3,"2,575.83 ns",20.431 ns,13.514 ns,"2,574.76 ns",26.91,0.23,0.0572,1008 B,4.50
MaskForAudit_SingleField,Job-YFEFPZ,False,Default,Default,Default,Default,Default,Default,1111,Empty,RyuJit,Default,X64,8c5e7fda-e8bf-4a96-9a85-a6e23a8c635c,.NET 10.0,False,True,False,True,Default,Default,False,False,False,Default,Default,Default,Default,Default,Default,Default,Default,10,Default,Default,Default,Default,Default,Default,Default,Default,16,3,"4,335.18 ns",12.788 ns,7.610 ns,"4,336.71 ns",45.28,0.32,0.0992,1752 B,7.82
MaskForAudit_NonGeneric,Job-YFEFPZ,False,Default,Default,Default,Default,Default,Default,1111,Empty,RyuJit,Default,X64,8c5e7fda-e8bf-4a96-9a85-a6e23a8c635c,.NET 10.0,False,True,False,True,Default,Default,False,False,False,Default,Default,Default,Default,Default,Default,Default,Default,10,Default,Default,Default,Default,Default,Default,Default,Default,16,3,"4,295.68 ns",22.994 ns,15.209 ns,"4,296.09 ns",44.87,0.35,0.0992,1752 B,7.82
Mask_CreditCard,Job-YFEFPZ,False,Default,Default,Default,Default,Default,Default,1111,Empty,RyuJit,Default,X64,8c5e7fda-e8bf-4a96-9a85-a6e23a8c635c,.NET 10.0,False,True,False,True,Default,Default,False,False,False,Default,Default,Default,Default,Default,Default,Default,Default,10,Default,Default,Default,Default,Default,Default,Default,Default,16,3,486.95 ns,1.284 ns,0.672 ns,486.91 ns,5.09,0.04,0.0324,544 B,2.43
Mask_Email,Job-YFEFPZ,False,Default,Default,Default,Default,Default,Default,1111,Empty,RyuJit,Default,X64,8c5e7fda-e8bf-4a96-9a85-a6e23a8c635c,.NET 10.0,False,True,False,True,Default,Default,False,False,False,Default,Default,Default,Default,Default,Default,Default,Default,10,Default,Default,Default,Default,Default,Default,Default,Default,16,3,95.74 ns,1.054 ns,0.697 ns,95.89 ns,1.00,0.01,0.0134,224 B,1.00
MaskObject_MultiField,Job-YFEFPZ,False,Default,Default,Default,Default,Default,Default,1111,Empty,RyuJit,Default,X64,8c5e7fda-e8bf-4a96-9a85-a6e23a8c635c,.NET 10.0,False,True,False,True,Default,Default,False,False,False,Default,Default,Default,Default,Default,Default,Default,Default,10,Default,Default,Default,Default,Default,Default,Default,Default,16,3,"10,383.44 ns",73.409 ns,48.555 ns,"10,379.61 ns",108.46,0.90,0.2899,5056 B,22.57
MaskObject_SingleField,Job-YFEFPZ,False,Default,Default,Default,Default,Default,Default,1111,Empty,RyuJit,Default,X64,8c5e7fda-e8bf-4a96-9a85-a6e23a8c635c,.NET 10.0,False,True,False,True,Default,Default,False,False,False,Default,Default,Default,Default,Default,Default,Default,Default,10,Default,Default,Default,Default,Default,Default,Default,Default,16,3,"4,464.40 ns",11.335 ns,7.497 ns,"4,466.04 ns",46.63,0.33,0.0992,1752 B,7.82
Mask_Phone,Job-YFEFPZ,False,Default,Default,Default,Default,Default,Default,1111,Empty,RyuJit,Default,X64,8c5e7fda-e8bf-4a96-9a85-a6e23a8c635c,.NET 10.0,False,True,False,True,Default,Default,False,False,False,Default,Default,Default,Default,Default,Default,Default,Default,10,Default,Default,Default,Default,Default,Default,Default,Default,16,3,409.43 ns,1.532 ns,0.912 ns,409.27 ns,4.28,0.03,0.0310,520 B,2.32
Mask_SSN,MediumRun,False,Default,Default,Default,Default,Default,Default,1111,Empty,RyuJit,Default,X64,8c5e7fda-e8bf-4a96-9a85-a6e23a8c635c,.NET 10.0,False,True,False,True,Default,Default,False,False,False,Default,Default,Default,Default,Default,Default,Default,Default,15,Default,2,Default,Default,Default,Default,Default,Default,16,10,398.21 ns,2.160 ns,3.167 ns,399.28 ns,4.15,0.11,0.0310,520 B,2.32
Mask_WithRegexPattern,MediumRun,False,Default,Default,Default,Default,Default,Default,1111,Empty,RyuJit,Default,X64,8c5e7fda-e8bf-4a96-9a85-a6e23a8c635c,.NET 10.0,False,True,False,True,Default,Default,False,False,False,Default,Default,Default,Default,Default,Default,Default,Default,15,Default,2,Default,Default,Default,Default,Default,Default,16,10,600.95 ns,1.502 ns,2.202 ns,601.24 ns,6.27,0.16,0.0248,416 B,1.86
MaskObject_NoAttributes,MediumRun,False,Default,Default,Default,Default,Default,Default,1111,Empty,RyuJit,Default,X64,8c5e7fda-e8bf-4a96-9a85-a6e23a8c635c,.NET 10.0,False,True,False,True,Default,Default,False,False,False,Default,Default,Default,Default,Default,Default,Default,Default,15,Default,2,Default,Default,Default,Default,Default,Default,16,10,"2,546.60 ns",10.794 ns,15.480 ns,"2,549.06 ns",26.56,0.69,0.0572,1008 B,4.50
MaskForAudit_SingleField,MediumRun,False,Default,Default,Default,Default,Default,Default,1111,Empty,RyuJit,Default,X64,8c5e7fda-e8bf-4a96-9a85-a6e23a8c635c,.NET 10.0,False,True,False,True,Default,Default,False,False,False,Default,Default,Default,Default,Default,Default,Default,Default,15,Default,2,Default,Default,Default,Default,Default,Default,16,10,"4,305.92 ns",16.935 ns,24.288 ns,"4,306.65 ns",44.92,1.17,0.0992,1752 B,7.82
MaskForAudit_NonGeneric,MediumRun,False,Default,Default,Default,Default,Default,Default,1111,Empty,RyuJit,Default,X64,8c5e7fda-e8bf-4a96-9a85-a6e23a8c635c,.NET 10.0,False,True,False,True,Default,Default,False,False,False,Default,Default,Default,Default,Default,Default,Default,Default,15,Default,2,Default,Default,Default,Default,Default,Default,16,10,"4,293.05 ns",37.842 ns,55.468 ns,"4,328.32 ns",44.78,1.27,0.0992,1752 B,7.82
Mask_CreditCard,MediumRun,False,Default,Default,Default,Default,Default,Default,1111,Empty,RyuJit,Default,X64,8c5e7fda-e8bf-4a96-9a85-a6e23a8c635c,.NET 10.0,False,True,False,True,Default,Default,False,False,False,Default,Default,Default,Default,Default,Default,Default,Default,15,Default,2,Default,Default,Default,Default,Default,Default,16,10,476.05 ns,1.526 ns,2.237 ns,475.53 ns,4.97,0.13,0.0324,544 B,2.43
Mask_Email,MediumRun,False,Default,Default,Default,Default,Default,Default,1111,Empty,RyuJit,Default,X64,8c5e7fda-e8bf-4a96-9a85-a6e23a8c635c,.NET 10.0,False,True,False,True,Default,Default,False,False,False,Default,Default,Default,Default,Default,Default,Default,Default,15,Default,2,Default,Default,Default,Default,Default,Default,16,10,95.93 ns,1.824 ns,2.496 ns,96.82 ns,1.00,0.04,0.0134,224 B,1.00
MaskObject_MultiField,MediumRun,False,Default,Default,Default,Default,Default,Default,1111,Empty,RyuJit,Default,X64,8c5e7fda-e8bf-4a96-9a85-a6e23a8c635c,.NET 10.0,False,True,False,True,Default,Default,False,False,False,Default,Default,Default,Default,Default,Default,Default,Default,15,Default,2,Default,Default,Default,Default,Default,Default,16,10,"10,553.46 ns",108.098 ns,155.032 ns,"10,551.05 ns",110.09,3.22,0.2899,5056 B,22.57
MaskObject_SingleField,MediumRun,False,Default,Default,Default,Default,Default,Default,1111,Empty,RyuJit,Default,X64,8c5e7fda-e8bf-4a96-9a85-a6e23a8c635c,.NET 10.0,False,True,False,True,Default,Default,False,False,False,Default,Default,Default,Default,Default,Default,Default,Default,15,Default,2,Default,Default,Default,Default,Default,Default,16,10,"4,454.19 ns",61.011 ns,87.500 ns,"4,449.40 ns",46.46,1.48,0.0992,1752 B,7.82
Mask_Phone,MediumRun,False,Default,Default,Default,Default,Default,Default,1111,Empty,RyuJit,Default,X64,8c5e7fda-e8bf-4a96-9a85-a6e23a8c635c,.NET 10.0,False,True,False,True,Default,Default,False,False,False,Default,Default,Default,Default,Default,Default,Default,Default,15,Default,2,Default,Default,Default,Default,Default,Default,16,10,409.53 ns,2.824 ns,3.959 ns,408.73 ns,4.27,0.12,0.0310,520 B,2.32
