Method,Job,AnalyzeLaunchVariance,EvaluateOverhead,MaxAbsoluteError,MaxRelativeError,MinInvokeCount,MinIterationTime,OutlierMode,Affinity,EnvironmentVariables,Jit,LargeAddressAware,Platform,PowerPlanMode,Runtime,AllowVeryLargeObjects,Concurrent,CpuGroups,Force,HeapAffinitizeMask,HeapCount,NoAffinitize,RetainVm,Server,Arguments,BuildConfiguration,Clock,EngineFactory,NuGetReferences,Toolchain,IsMutator,InvocationCount,IterationCount,IterationTime,LaunchCount,MaxIterationCount,MaxWarmupIterationCount,MemoryRandomization,MinIterationCount,MinWarmupIterationCount,RunStrategy,UnrollFactor,WarmupCount,Mean,Error,StdDev,Ratio,RatioSD,Gen0,Allocated,Alloc Ratio
Email_Partial,Job-YFEFPZ,False,Default,Default,Default,Default,Default,Default,1111,Empty,RyuJit,Default,X64,8c5e7fda-e8bf-4a96-9a85-a6e23a8c635c,.NET 10.0,False,True,False,True,Default,Default,False,False,False,Default,Default,Default,Default,Default,Default,Default,Default,10,Default,Default,Default,Default,Default,Default,Default,Default,16,3,100.77 ns,1.922 ns,1.144 ns,1.00,0.02,0.0134,224 B,1.00
Phone_Partial,Job-YFEFPZ,False,Default,Default,Default,Default,Default,Default,1111,Empty,RyuJit,Default,X64,8c5e7fda-e8bf-4a96-9a85-a6e23a8c635c,.NET 10.0,False,True,False,True,Default,Default,False,False,False,Default,Default,Default,Default,Default,Default,Default,Default,10,Default,Default,Default,Default,Default,Default,Default,Default,16,3,418.93 ns,3.118 ns,2.062 ns,4.16,0.05,0.0310,520 B,2.32
CreditCard_Partial,Job-YFEFPZ,False,Default,Default,Default,Default,Default,Default,1111,Empty,RyuJit,Default,X64,8c5e7fda-e8bf-4a96-9a85-a6e23a8c635c,.NET 10.0,False,True,False,True,Default,Default,False,False,False,Default,Default,Default,Default,Default,Default,Default,Default,10,Default,Default,Default,Default,Default,Default,Default,Default,16,3,506.66 ns,7.803 ns,5.161 ns,5.03,0.07,0.0324,544 B,2.43
SSN_Partial,Job-YFEFPZ,False,Default,Default,Default,Default,Default,Default,1111,Empty,RyuJit,Default,X64,8c5e7fda-e8bf-4a96-9a85-a6e23a8c635c,.NET 10.0,False,True,False,True,Default,Default,False,False,False,Default,Default,Default,Default,Default,Default,Default,Default,10,Default,Default,Default,Default,Default,Default,Default,Default,16,3,401.35 ns,2.572 ns,1.345 ns,3.98,0.04,0.0310,520 B,2.32
Name_Partial,Job-YFEFPZ,False,Default,Default,Default,Default,Default,Default,1111,Empty,RyuJit,Default,X64,8c5e7fda-e8bf-4a96-9a85-a6e23a8c635c,.NET 10.0,False,True,False,True,Default,Default,False,False,False,Default,Default,Default,Default,Default,Default,Default,Default,10,Default,Default,Default,Default,Default,Default,Default,Default,16,3,185.42 ns,1.190 ns,0.708 ns,1.84,0.02,0.0167,280 B,1.25
Address_Partial,Job-YFEFPZ,False,Default,Default,Default,Default,Default,Default,1111,Empty,RyuJit,Default,X64,8c5e7fda-e8bf-4a96-9a85-a6e23a8c635c,.NET 10.0,False,True,False,True,Default,Default,False,False,False,Default,Default,Default,Default,Default,Default,Default,Default,10,Default,Default,Default,Default,Default,Default,Default,Default,16,3,125.74 ns,0.792 ns,0.471 ns,1.25,0.01,0.0196,328 B,1.46
DateOfBirth_Partial,Job-YFEFPZ,False,Default,Default,Default,Default,Default,Default,1111,Empty,RyuJit,Default,X64,8c5e7fda-e8bf-4a96-9a85-a6e23a8c635c,.NET 10.0,False,True,False,True,Default,Default,False,False,False,Default,Default,Default,Default,Default,Default,Default,Default,10,Default,Default,Default,Default,Default,Default,Default,Default,16,3,230.51 ns,1.710 ns,1.017 ns,2.29,0.03,0.0229,384 B,1.71
IPAddress_Partial,Job-YFEFPZ,False,Default,Default,Default,Default,Default,Default,1111,Empty,RyuJit,Default,X64,8c5e7fda-e8bf-4a96-9a85-a6e23a8c635c,.NET 10.0,False,True,False,True,Default,Default,False,False,False,Default,Default,Default,Default,Default,Default,Default,Default,10,Default,Default,Default,Default,Default,Default,Default,Default,16,3,181.07 ns,3.307 ns,2.187 ns,1.80,0.03,0.0157,264 B,1.18
Custom_FullMasking,Job-YFEFPZ,False,Default,Default,Default,Default,Default,Default,1111,Empty,RyuJit,Default,X64,8c5e7fda-e8bf-4a96-9a85-a6e23a8c635c,.NET 10.0,False,True,False,True,Default,Default,False,False,False,Default,Default,Default,Default,Default,Default,Default,Default,10,Default,Default,Default,Default,Default,Default,Default,Default,16,3,60.62 ns,1.092 ns,0.722 ns,0.60,0.01,0.0076,128 B,0.57
Email_Short,Job-YFEFPZ,False,Default,Default,Default,Default,Default,Default,1111,Empty,RyuJit,Default,X64,8c5e7fda-e8bf-4a96-9a85-a6e23a8c635c,.NET 10.0,False,True,False,True,Default,Default,False,False,False,Default,Default,Default,Default,Default,Default,Default,Default,10,Default,Default,Default,Default,Default,Default,Default,Default,16,3,67.25 ns,1.058 ns,0.700 ns,0.67,0.01,0.0076,128 B,0.57
Email_Long,Job-YFEFPZ,False,Default,Default,Default,Default,Default,Default,1111,Empty,RyuJit,Default,X64,8c5e7fda-e8bf-4a96-9a85-a6e23a8c635c,.NET 10.0,False,True,False,True,Default,Default,False,False,False,Default,Default,Default,Default,Default,Default,Default,Default,10,Default,Default,Default,Default,Default,Default,Default,Default,16,3,104.57 ns,4.981 ns,3.295 ns,1.04,0.03,0.0196,328 B,1.46
RegexPattern,Job-YFEFPZ,False,Default,Default,Default,Default,Default,Default,1111,Empty,RyuJit,Default,X64,8c5e7fda-e8bf-4a96-9a85-a6e23a8c635c,.NET 10.0,False,True,False,True,Default,Default,False,False,False,Default,Default,Default,Default,Default,Default,Default,Default,10,Default,Default,Default,Default,Default,Default,Default,Default,16,3,577.84 ns,4.242 ns,2.806 ns,5.74,0.07,0.0248,416 B,1.86
Email_Partial,ShortRun,False,Default,Default,Default,Default,Default,Default,1111,Empty,RyuJit,Default,X64,8c5e7fda-e8bf-4a96-9a85-a6e23a8c635c,.NET 10.0,False,True,False,True,Default,Default,False,False,False,Default,Default,Default,Default,Default,Default,Default,Default,3,Default,1,Default,Default,Default,Default,Default,Default,16,3,99.94 ns,18.221 ns,0.999 ns,1.00,0.01,0.0134,224 B,1.00
Phone_Partial,ShortRun,False,Default,Default,Default,Default,Default,Default,1111,Empty,RyuJit,Default,X64,8c5e7fda-e8bf-4a96-9a85-a6e23a8c635c,.NET 10.0,False,True,False,True,Default,Default,False,False,False,Default,Default,Default,Default,Default,Default,Default,Default,3,Default,1,Default,Default,Default,Default,Default,Default,16,3,419.85 ns,66.457 ns,3.643 ns,4.20,0.05,0.0310,520 B,2.32
CreditCard_Partial,ShortRun,False,Default,Default,Default,Default,Default,Default,1111,Empty,RyuJit,Default,X64,8c5e7fda-e8bf-4a96-9a85-a6e23a8c635c,.NET 10.0,False,True,False,True,Default,Default,False,False,False,Default,Default,Default,Default,Default,Default,Default,Default,3,Default,1,Default,Default,Default,Default,Default,Default,16,3,490.74 ns,71.255 ns,3.906 ns,4.91,0.05,0.0324,544 B,2.43
SSN_Partial,ShortRun,False,Default,Default,Default,Default,Default,Default,1111,Empty,RyuJit,Default,X64,8c5e7fda-e8bf-4a96-9a85-a6e23a8c635c,.NET 10.0,False,True,False,True,Default,Default,False,False,False,Default,Default,Default,Default,Default,Default,Default,Default,3,Default,1,Default,Default,Default,Default,Default,Default,16,3,410.87 ns,48.346 ns,2.650 ns,4.11,0.04,0.0310,520 B,2.32
Name_Partial,ShortRun,False,Default,Default,Default,Default,Default,Default,1111,Empty,RyuJit,Default,X64,8c5e7fda-e8bf-4a96-9a85-a6e23a8c635c,.NET 10.0,False,True,False,True,Default,Default,False,False,False,Default,Default,Default,Default,Default,Default,Default,Default,3,Default,1,Default,Default,Default,Default,Default,Default,16,3,186.28 ns,7.810 ns,0.428 ns,1.86,0.02,0.0167,280 B,1.25
Address_Partial,ShortRun,False,Default,Default,Default,Default,Default,Default,1111,Empty,RyuJit,Default,X64,8c5e7fda-e8bf-4a96-9a85-a6e23a8c635c,.NET 10.0,False,True,False,True,Default,Default,False,False,False,Default,Default,Default,Default,Default,Default,Default,Default,3,Default,1,Default,Default,Default,Default,Default,Default,16,3,123.63 ns,34.308 ns,1.881 ns,1.24,0.02,0.0196,328 B,1.46
DateOfBirth_Partial,ShortRun,False,Default,Default,Default,Default,Default,Default,1111,Empty,RyuJit,Default,X64,8c5e7fda-e8bf-4a96-9a85-a6e23a8c635c,.NET 10.0,False,True,False,True,Default,Default,False,False,False,Default,Default,Default,Default,Default,Default,Default,Default,3,Default,1,Default,Default,Default,Default,Default,Default,16,3,222.48 ns,46.087 ns,2.526 ns,2.23,0.03,0.0229,384 B,1.71
IPAddress_Partial,ShortRun,False,Default,Default,Default,Default,Default,Default,1111,Empty,RyuJit,Default,X64,8c5e7fda-e8bf-4a96-9a85-a6e23a8c635c,.NET 10.0,False,True,False,True,Default,Default,False,False,False,Default,Default,Default,Default,Default,Default,Default,Default,3,Default,1,Default,Default,Default,Default,Default,Default,16,3,184.55 ns,12.646 ns,0.693 ns,1.85,0.02,0.0157,264 B,1.18
Custom_FullMasking,ShortRun,False,Default,Default,Default,Default,Default,Default,1111,Empty,RyuJit,Default,X64,8c5e7fda-e8bf-4a96-9a85-a6e23a8c635c,.NET 10.0,False,True,False,True,Default,Default,False,False,False,Default,Default,Default,Default,Default,Default,Default,Default,3,Default,1,Default,Default,Default,Default,Default,Default,16,3,56.57 ns,6.478 ns,0.355 ns,0.57,0.01,0.0076,128 B,0.57
Email_Short,ShortRun,False,Default,Default,Default,Default,Default,Default,1111,Empty,RyuJit,Default,X64,8c5e7fda-e8bf-4a96-9a85-a6e23a8c635c,.NET 10.0,False,True,False,True,Default,Default,False,False,False,Default,Default,Default,Default,Default,Default,Default,Default,3,Default,1,Default,Default,Default,Default,Default,Default,16,3,67.89 ns,4.535 ns,0.249 ns,0.68,0.01,0.0076,128 B,0.57
Email_Long,ShortRun,False,Default,Default,Default,Default,Default,Default,1111,Empty,RyuJit,Default,X64,8c5e7fda-e8bf-4a96-9a85-a6e23a8c635c,.NET 10.0,False,True,False,True,Default,Default,False,False,False,Default,Default,Default,Default,Default,Default,Default,Default,3,Default,1,Default,Default,Default,Default,Default,Default,16,3,108.63 ns,13.713 ns,0.752 ns,1.09,0.01,0.0196,328 B,1.46
RegexPattern,ShortRun,False,Default,Default,Default,Default,Default,Default,1111,Empty,RyuJit,Default,X64,8c5e7fda-e8bf-4a96-9a85-a6e23a8c635c,.NET 10.0,False,True,False,True,Default,Default,False,False,False,Default,Default,Default,Default,Default,Default,Default,Default,3,Default,1,Default,Default,Default,Default,Default,Default,16,3,605.70 ns,34.339 ns,1.882 ns,6.06,0.06,0.0248,416 B,1.86
